{"train": [3.304217627554229, 3.104123530965863, 2.9333969246257436, 2.7988991340001426, 2.6968391916968604, 2.6185169183846675, 2.555469957264987, 2.5039995655868994, 2.4614550272623696, 2.4240626602461846], "val": [3.198182149366899, 3.0128682309930976, 2.8601533499631016, 2.743536125529896, 2.6545698100870307, 2.5850874077190054, 2.530862884087996, 2.484868970784274, 2.4456893422386865, 2.412142515182495]}