{"train": [1.7779377049032379, 1.502242441580576, 1.4167299375288627, 1.3688988891945166], "val": [1.4833294111689983, 1.3911999920793732, 1.346326440099686, 1.3157008131555359]}